<?xml version="1.0" encoding="UTF-8"?>
<config>
	<autoConfig>
	    <messaging>
	        <um>
	            <hosts>${um.admin.hosts}</hosts>
	            <username>${um.admin.username}</username>
	            <password>${um.admin.password}</password>
				<initialContextFactory>com.pcbsys.nirvana.nSpace.NirvanaContextFactory</initialContextFactory>

				<jmsConnectionFactory>
				    <name>um_local</name>
				    <connectionFactoryType>ConnectionFactory</connectionFactoryType>
				    <connectionURL>${um.connectionURL}</connectionURL>
				    <autoCreateResource>false</autoCreateResource>
				</jmsConnectionFactory>

                <topic>
                    <name>ClientToControllerTopic</name>
                    <useJMSEngine>true</useJMSEngine>
                    <storageProperties>
                        <autoMaintanence>true</autoMaintanence>
                    </storageProperties>
                </topic>

                <topic>
                    <name>ControllerToOneClientOfClusterTopic</name>
                    <useJMSEngine>true</useJMSEngine>
                    <storageProperties>
                        <autoMaintanence>true</autoMaintanence>
                    </storageProperties>
                </topic>

                <topic>
                    <name>ControllerToAllClientsOfClusterTopic</name>
                    <useJMSEngine>true</useJMSEngine>
                    <storageProperties>
                        <autoMaintanence>true</autoMaintanence>
                    </storageProperties>
                </topic>

            </um>
            <integrationServer>
            	<jmsTrigger>
    				<triggerName>wx.integrationTest.client.trigger:jmsControllerToAllClientsOfClusterTopicTrigger</triggerName>
    				<package>WxIntegrationTestClient</package>
    				<aliasName>${testclient.connection}</aliasName>
    				<isConcurrent>true</isConcurrent>
    				<maxExecutionThreads>30</maxExecutionThreads>
    				<destinations>
    					<destination>ControllerToAllClientsOfClusterTopic</destination>
    					<destinationType>Topic</destinationType>
    					<durableSubscriberName>WxIntegrationTestClient_${testclient.hostname}_${testclient.port}_Subscriber</durableSubscriberName>
    					<messageSelector>clusterName = '${testclient.clusterName}' OR clusterName IS NULL</messageSelector>
    				</destinations>
    				<routingRules>
    					<ruleName>Rule1</ruleName>
    					<serviceName>wx.integrationTest.client.pub:handleControllerMessage</serviceName>
    				</routingRules>
    				<enabled>true</enabled>
    				<maxRetryAttempts>2000000000</maxRetryAttempts>
    				<retryInterval>30000</retryInterval>
    				<suspendOnError>false</suspendOnError>
    				<onTransientError>Suspend and Retry Later/Suspend and Recover</onTransientError>
    			</jmsTrigger>
    			
            	<jmsTrigger>
    				<triggerName>wx.integrationTest.client.trigger:jmsControllerToOneClientOfClusterTopicTrigger</triggerName>
    				<package>WxIntegrationTestClient</package>
    				<aliasName>${testclient.connection}</aliasName>
    				<isConcurrent>true</isConcurrent>
    				<maxExecutionThreads>10</maxExecutionThreads>
    				<destinations>
    					<destination>ControllerToOneClientOfClusterTopic</destination>
    					<destinationType>Topic</destinationType>
    					<durableSubscriberName>WxIntegrationTestClient_${testclient.clusterName}_Subscriber</durableSubscriberName>
    					<messageSelector>clusterName = '${testclient.clusterName}' OR clusterName IS NULL</messageSelector>
    				</destinations>
    				<routingRules>
    					<ruleName>Rule1</ruleName>
    					<serviceName>wx.integrationTest.client.pub:handleControllerMessage</serviceName>
    				</routingRules>
    				<enabled>true</enabled>
    				<maxRetryAttempts>2000000000</maxRetryAttempts>
    				<retryInterval>30000</retryInterval>
    				<suspendOnError>false</suspendOnError>
    				<onTransientError>Suspend and Retry Later/Suspend and Recover</onTransientError>
    			</jmsTrigger>

            </integrationServer>
        </messaging>
    </autoConfig>
</config>
