<exceptionHandling xmlns:xsi="http://www.w3.org/2001/XMLSchema-instance" xsi:noNamespaceSchemaLocation="../../WxResilience/config/ExceptionHandling.xsd">
	<location name="wx">
		<location name="integrationTest">			
			<location name="client">
                    <location name="testclient">
       					<exception type="all" errorToBeThrown="NONE" exceptionHandlingId="WxIntegrationTestClient.top.001">
       						<handling>wx.resilience.pub.resilience.errorHandling:logError</handling>
       					</exception>
                    </location>
			</location>
		</location>
	</location>
</exceptionHandling>