<?xml version="1.0" encoding="UTF-8"?>

<!-- Optional definition for usage of WxLog2 -->


<!DOCTYPE log4j:configuration SYSTEM "../../WxConfig/code/jars/log4j.dtd">
<log4j:configuration>
  <appender name="WxDemoSystemB"
    class="org.apache.log4j.RollingFileAppender">
      <param name="MaxFileSize" value="10MB" />
      <param name="MaxBackupIndex" value="10" />
      <param name="DatePattern" value="'.'yyyyMMdd" />
      <param name="Append" value="true" />
      <param name="File" value="./logs/WxDemoSystemA.log" />
      <param name="threshold" value="info"/>
      <layout class="org.apache.log4j.PatternLayout">
        <param name="ConversionPattern" value="%d %-5p - %m%n" />
      </layout>
  </appender>

  <category name="WxDemoSystemA">
    <appender-ref ref="WxDemoSystemA"/>
  </category>

</log4j:configuration>
